{"cameraMode":{"drawMode":0,"name":"Shaded","section":"Shading Mode"},"sceneLighting":true,"audioPlay":false,"sceneViewState":{"showFog":true,"showMaterialUpdate":true,"showSkybox":true,"showFlares":true,"showImageEffects":true,"showParticleSystems":true},"in2DMode":false,"pivot":{"x":0.2935461699962616,"y":0.0415109246969223,"z":0.13017992675304414},"rotation":{"x":0.297023743391037,"y":0.10884356498718262,"z":-0.03412500396370888,"w":0.9480697512626648},"size":0.1471414864063263,"orthographic":false}