{"cameraMode":{"drawMode":0,"name":"Shaded","section":"Shading Mode"},"sceneLighting":true,"audioPlay":false,"sceneViewState":{"showFog":true,"showMaterialUpdate":true,"showSkybox":true,"showFlares":true,"showImageEffects":true,"showParticleSystems":true},"in2DMode":false,"pivot":{"x":-0.13017937541007996,"y":4.197071075439453,"z":0.9883089065551758},"rotation":{"x":0.2341652661561966,"y":0.20836853981018067,"z":-0.051485370844602588,"w":0.9482394456863403},"size":2.9926047325134279,"orthographic":false}