{"cameraMode":{"drawMode":0,"name":"Shaded","section":"Shading Mode"},"sceneLighting":true,"audioPlay":false,"sceneViewState":{"showFog":true,"showMaterialUpdate":true,"showSkybox":true,"showFlares":true,"showImageEffects":true,"showParticleSystems":true},"in2DMode":false,"pivot":{"x":0.3896019458770752,"y":-0.011050820350646973,"z":-4.2461700439453129},"rotation":{"x":0.36761656403541567,"y":-0.47510412335395815,"z":0.22792671620845796,"w":0.7662817239761353},"size":0.8660253882408142,"orthographic":false}