{"cameraMode":{"drawMode":0,"name":"Shaded","section":"Shading Mode"},"sceneLighting":true,"audioPlay":false,"sceneViewState":{"showFog":true,"showMaterialUpdate":true,"showSkybox":true,"showFlares":true,"showImageEffects":true,"showParticleSystems":true},"in2DMode":false,"pivot":{"x":0.31162571907043459,"y":-1.1230199337005616,"z":1.1112277507781983},"rotation":{"x":-0.33137398958206179,"y":0.01613055355846882,"z":-0.005666484124958515,"w":-0.9433479905128479},"size":2.0772440433502199,"orthographic":false}